experiment,dataset,model,alpha,angle_deg,angle_rad,logit_variance,metric_type
exp3,synthetic,LogisticRegression,0,2.365311608594916,0.04128247540562469,0.00913740869454252,stability
exp3,synthetic,LogisticRegression,0,2.234410976572792,0.03899782838389711,0.00913740869454252,stability
exp3,synthetic,LogisticRegression,0,2.4289453695226353,0.04239309404924031,0.00913740869454252,stability
exp3,synthetic,LogisticRegression,0,3.726944886222333,0.06504745930494517,0.00913740869454252,stability
exp3,synthetic,LogisticRegression,0,2.9203851990091922,0.050970337149220245,0.00913740869454252,stability
exp3,synthetic,LogisticRegression,0,3.450764230510654,0.06022719753245948,0.00913740869454252,stability
exp3,synthetic,LogisticRegression,0,3.9742649735313718,0.06936400913480772,0.00913740869454252,stability
exp3,synthetic,LogisticRegression,0,3.02294173556863,0.052760286381624374,0.00913740869454252,stability
exp3,synthetic,LogisticRegression,0,3.4272998729111204,0.05981766723548227,0.00913740869454252,stability
exp3,synthetic,LogisticRegression,0,2.127932712339141,0.03713943209121138,0.00913740869454252,stability
exp3,synthetic,LogisticRegression,0,2.9965423615503437,0.05229953038453983,0.00913740869454252,stability
exp3,synthetic,LogisticRegression,0,3.1140193312877487,0.05434989030172328,0.00913740869454252,stability
exp3,synthetic,LogisticRegression,0,3.7642532605655594,0.06569861327580104,0.00913740869454252,stability
exp3,synthetic,LogisticRegression,0,2.8519652564331794,0.04977618387724337,0.00913740869454252,stability
exp3,synthetic,LogisticRegression,0,3.97565411778806,0.06938825427587211,0.00913740869454252,stability
exp3,synthetic,LogisticRegression,0,3.395266749033831,0.05925858375412434,0.00913740869454252,stability
exp3,synthetic,LogisticRegression,0,3.2570541282380225,0.05684631845342711,0.00913740869454252,stability
exp3,synthetic,LogisticRegression,0,2.0712281604459903,0.036149750959807915,0.00913740869454252,stability
exp3,synthetic,LogisticRegression,0,3.1294781177395743,0.05461969702367034,0.00913740869454252,stability
exp3,synthetic,LogisticRegression,0,2.6357585291182546,0.046002664620636374,0.00913740869454252,stability
exp3,synthetic,LogisticRegression,0,2.8473196518869317,0.04969510278216573,0.00913740869454252,stability
exp3,synthetic,LogisticRegression,0,3.0993759616287595,0.054094315287587284,0.00913740869454252,stability
exp3,synthetic,LogisticRegression,0,2.7472045861233223,0.047947765253740095,0.00913740869454252,stability
exp3,synthetic,LogisticRegression,0,2.3040841629366535,0.0402138548863021,0.00913740869454252,stability
exp3,synthetic,LogisticRegression,0,3.8093061233585352,0.06648493406898771,0.00913740869454252,stability
exp3,synthetic,LogisticRegression,0,3.6389997384192085,0.06351252691462758,0.00913740869454252,stability
exp3,synthetic,LogisticRegression,0,3.3597238888529755,0.05863824381839243,0.00913740869454252,stability
exp3,synthetic,LogisticRegression,0,3.2573900221002985,0.05685218090726107,0.00913740869454252,stability
exp3,synthetic,LogisticRegression,0,2.5086973305985296,0.04378502835493703,0.00913740869454252,stability
exp3,synthetic,LogisticRegression,0,2.7968685514558778,0.04881456496838951,0.00913740869454252,stability
exp3,synthetic,LogisticRegression,0,3.8135590422606143,0.0665591615066493,0.00913740869454252,stability
exp3,synthetic,LogisticRegression,0,1.6655054995535261,0.029068554677281977,0.00913740869454252,stability
exp3,synthetic,LogisticRegression,0,2.4021495626924554,0.04192541899432529,0.00913740869454252,stability
exp3,synthetic,LogisticRegression,0,2.6378629099537667,0.04603939299493193,0.00913740869454252,stability
exp3,synthetic,LogisticRegression,0,2.225935907101406,0.03884991051728617,0.00913740869454252,stability
exp3,synthetic,LogisticRegression,0,3.367351765601044,0.05877137538258255,0.00913740869454252,stability
exp3,synthetic,LogisticRegression,0,3.106248891030432,0.05421427053490359,0.00913740869454252,stability
exp3,synthetic,LogisticRegression,0,4.048884759618006,0.07066637008915334,0.00913740869454252,stability
exp3,synthetic,LogisticRegression,0,2.9973889235760014,0.05231430567920991,0.00913740869454252,stability
exp3,synthetic,LogisticRegression,0,2.1008267206704074,0.03666634328957382,0.00913740869454252,stability
exp3,synthetic,LogisticRegression,0,2.9555760067121977,0.051584532610073876,0.00913740869454252,stability
exp3,synthetic,LogisticRegression,0,2.551654777496653,0.04453477724155991,0.00913740869454252,stability
exp3,synthetic,LogisticRegression,0,2.79200007294181,0.04872959398875643,0.00913740869454252,stability
exp3,synthetic,LogisticRegression,0,2.1572087308054577,0.037650395005323266,0.00913740869454252,stability
exp3,synthetic,LogisticRegression,0,2.65105568516317,0.0462696503598115,0.00913740869454252,stability
exp3,synthetic,LogisticRegression,1,2.018561854585846,0.03523055051768601,0.0035266284361359012,stability
exp3,synthetic,LogisticRegression,1,1.4934191157921834,0.026065080682796043,0.0035266284361359012,stability
exp3,synthetic,LogisticRegression,1,1.9044602524023195,0.03323910187778272,0.0035266284361359012,stability
exp3,synthetic,LogisticRegression,1,2.442383604758058,0.04262763549975595,0.0035266284361359012,stability
exp3,synthetic,LogisticRegression,1,1.8940712304003227,0.033057779237785745,0.0035266284361359012,stability
exp3,synthetic,LogisticRegression,1,2.160449609449448,0.03770695900831846,0.0035266284361359012,stability
exp3,synthetic,LogisticRegression,1,2.0132276158813225,0.03513745048920476,0.0035266284361359012,stability
exp3,synthetic,LogisticRegression,1,2.2249643374257224,0.03883295342753295,0.0035266284361359012,stability
exp3,synthetic,LogisticRegression,1,1.759564308298673,0.03071019058038843,0.0035266284361359012,stability
exp3,synthetic,LogisticRegression,1,1.627404609853224,0.028403568704072513,0.0035266284361359012,stability
exp3,synthetic,LogisticRegression,1,1.4143421415916442,0.024684927120482023,0.0035266284361359012,stability
exp3,synthetic,LogisticRegression,1,1.629919811436772,0.0284474672530568,0.0035266284361359012,stability
exp3,synthetic,LogisticRegression,1,1.4650343214661106,0.025569672564304667,0.0035266284361359012,stability
exp3,synthetic,LogisticRegression,1,1.764165082024739,0.030790489230047527,0.0035266284361359012,stability
exp3,synthetic,LogisticRegression,1,1.4377809304063014,0.025094011157977412,0.0035266284361359012,stability
exp3,synthetic,LogisticRegression,1,1.7902448913787545,0.031245667771567516,0.0035266284361359012,stability
exp3,synthetic,LogisticRegression,1,1.4878079201450825,0.025967146843780556,0.0035266284361359012,stability
exp3,synthetic,LogisticRegression,1,1.7028966373240357,0.02972115314244418,0.0035266284361359012,stability
exp3,synthetic,LogisticRegression,1,2.2026356431798493,0.03844324419527135,0.0035266284361359012,stability
exp3,synthetic,LogisticRegression,1,1.5993318351659662,0.02791360635560934,0.0035266284361359012,stability
exp3,synthetic,LogisticRegression,1,2.4168772608979174,0.04218246581925066,0.0035266284361359012,stability
exp3,synthetic,LogisticRegression,1,1.908638254187399,0.03331202176508656,0.0035266284361359012,stability
exp3,synthetic,LogisticRegression,1,2.2043146411873615,0.03847254823863687,0.0035266284361359012,stability
exp3,synthetic,LogisticRegression,1,1.5448811468556187,0.026963262564616588,0.0035266284361359012,stability
exp3,synthetic,LogisticRegression,1,2.336655121532331,0.04078232535432742,0.0035266284361359012,stability
exp3,synthetic,LogisticRegression,1,2.1691285373958356,0.03785843487652628,0.0035266284361359012,stability
exp3,synthetic,LogisticRegression,1,2.0008347645722258,0.03492115443015093,0.0035266284361359012,stability
exp3,synthetic,LogisticRegression,1,2.2519234419739766,0.03930347856528937,0.0035266284361359012,stability
exp3,synthetic,LogisticRegression,1,1.9901504715869396,0.03473467833930995,0.0035266284361359012,stability
exp3,synthetic,LogisticRegression,1,2.082038276895268,0.0363384230843718,0.0035266284361359012,stability
exp3,synthetic,LogisticRegression,1,1.5912201717444465,0.027772031121090234,0.0035266284361359012,stability
exp3,synthetic,LogisticRegression,1,1.419862132836996,0.024781269142394678,0.0035266284361359012,stability
exp3,synthetic,LogisticRegression,1,0.9519731622400268,0.016615066071710625,0.0035266284361359012,stability
exp3,synthetic,LogisticRegression,1,1.2575337528294972,0.021948104441835283,0.0035266284361359012,stability
exp3,synthetic,LogisticRegression,1,0.8843546891927698,0.015434901081864948,0.0035266284361359012,stability
exp3,synthetic,LogisticRegression,1,2.0288426410372398,0.035409984090957254,0.0035266284361359012,stability
exp3,synthetic,LogisticRegression,1,1.205758931565545,0.02104446334114775,0.0035266284361359012,stability
exp3,synthetic,LogisticRegression,1,2.0620287687693977,0.03598919128587081,0.0035266284361359012,stability
exp3,synthetic,LogisticRegression,1,1.059439399465628,0.01849070574602666,0.0035266284361359012,stability
exp3,synthetic,LogisticRegression,1,1.3397071768335422,0.023382301248343212,0.0035266284361359012,stability
exp3,synthetic,LogisticRegression,1,1.3659011902958051,0.02383947302757142,0.0035266284361359012,stability
exp3,synthetic,LogisticRegression,1,1.5885680552936174,0.027725742956876957,0.0035266284361359012,stability
exp3,synthetic,LogisticRegression,1,1.6492671864371207,0.02878514264843092,0.0035266284361359012,stability
exp3,synthetic,LogisticRegression,1,0.8577334036384068,0.014970271997827708,0.0035266284361359012,stability
exp3,synthetic,LogisticRegression,1,1.2564197503837946,0.021928661431282505,0.0035266284361359012,stability
exp3,synthetic,LogisticRegression,5,2.206774693280754,0.03851548424743714,0.004353020960438101,stability
exp3,synthetic,LogisticRegression,5,1.4274672547075824,0.024914003559051837,0.004353020960438101,stability
exp3,synthetic,LogisticRegression,5,1.9233664733896232,0.033569077683120827,0.004353020960438101,stability
exp3,synthetic,LogisticRegression,5,2.773078726532799,0.048399354195008785,0.004353020960438101,stability
exp3,synthetic,LogisticRegression,5,1.8306865946403292,0.03195150864859652,0.004353020960438101,stability
exp3,synthetic,LogisticRegression,5,2.1652815341339102,0.037791292003270714,0.004353020960438101,stability
exp3,synthetic,LogisticRegression,5,2.2376125044586024,0.0390537055865989,0.004353020960438101,stability
exp3,synthetic,LogisticRegression,5,2.1344486950404735,0.03725315744335262,0.004353020960438101,stability
exp3,synthetic,LogisticRegression,5,1.600308457826491,0.027930651636585088,0.004353020960438101,stability
exp3,synthetic,LogisticRegression,5,1.917626763132905,0.0334689008410306,0.004353020960438101,stability
exp3,synthetic,LogisticRegression,5,1.534723931597537,0.02678598571552926,0.004353020960438101,stability
exp3,synthetic,LogisticRegression,5,2.631934307285414,0.045935919358326666,0.004353020960438101,stability
exp3,synthetic,LogisticRegression,5,1.8285419348058363,0.03191407727314934,0.004353020960438101,stability
exp3,synthetic,LogisticRegression,5,1.9990378822861743,0.03488979291798857,0.004353020960438101,stability
exp3,synthetic,LogisticRegression,5,2.177798525059673,0.03800975470736753,0.004353020960438101,stability
exp3,synthetic,LogisticRegression,5,2.8424241007074436,0.049609659295383766,0.004353020960438101,stability
exp3,synthetic,LogisticRegression,5,2.0319692612114104,0.035464553907455815,0.004353020960438101,stability
exp3,synthetic,LogisticRegression,5,1.9108026426994276,0.033349797470913795,0.004353020960438101,stability
exp3,synthetic,LogisticRegression,5,2.735244646884437,0.047739024935683085,0.004353020960438101,stability
exp3,synthetic,LogisticRegression,5,1.8347957537495634,0.03202322700454097,0.004353020960438101,stability
exp3,synthetic,LogisticRegression,5,2.493752445895889,0.04352419091054501,0.004353020960438101,stability
exp3,synthetic,LogisticRegression,5,2.1513204463916016,0.03754762505500761,0.004353020960438101,stability
exp3,synthetic,LogisticRegression,5,2.675215766471472,0.046691323326190914,0.004353020960438101,stability
exp3,synthetic,LogisticRegression,5,1.7558657845202579,0.030645639162991782,0.004353020960438101,stability
exp3,synthetic,LogisticRegression,5,2.793689779017589,0.04875908492316973,0.004353020960438101,stability
exp3,synthetic,LogisticRegression,5,2.4289555968849963,0.04239327255038731,0.004353020960438101,stability
exp3,synthetic,LogisticRegression,5,1.7364917591839233,0.030307498631507942,0.004353020960438101,stability
exp3,synthetic,LogisticRegression,5,2.2460813652670386,0.03920151509159923,0.004353020960438101,stability
exp3,synthetic,LogisticRegression,5,2.2307608547951734,0.03893412174077891,0.004353020960438101,stability
exp3,synthetic,LogisticRegression,5,2.107497043905697,0.036782762392201906,0.004353020960438101,stability
exp3,synthetic,LogisticRegression,5,1.9420092990888644,0.033894456373448,0.004353020960438101,stability
exp3,synthetic,LogisticRegression,5,1.7943736063288789,0.0313177274413235,0.004353020960438101,stability
exp3,synthetic,LogisticRegression,5,1.0517412040137597,0.018356346888929505,0.004353020960438101,stability
exp3,synthetic,LogisticRegression,5,2.258724622423554,0.03942218155715676,0.004353020960438101,stability
exp3,synthetic,LogisticRegression,5,1.2192287130726813,0.021279555377971517,0.004353020960438101,stability
exp3,synthetic,LogisticRegression,5,2.177407818122468,0.03800293558490292,0.004353020960438101,stability
exp3,synthetic,LogisticRegression,5,1.6584472219436548,0.02894536449346993,0.004353020960438101,stability
exp3,synthetic,LogisticRegression,5,2.6415674647874128,0.04610404967409972,0.004353020960438101,stability
exp3,synthetic,LogisticRegression,5,1.2603421764348184,0.021997120680538867,0.004353020960438101,stability
exp3,synthetic,LogisticRegression,5,1.243416482969631,0.021701711601388063,0.004353020960438101,stability
exp3,synthetic,LogisticRegression,5,2.061956881984412,0.03598793662478414,0.004353020960438101,stability
exp3,synthetic,LogisticRegression,5,1.526787488180608,0.02664746864700562,0.004353020960438101,stability
exp3,synthetic,LogisticRegression,5,2.409695364987151,0.04205711808907227,0.004353020960438101,stability
exp3,synthetic,LogisticRegression,5,1.0599439871464489,0.01849951246242199,0.004353020960438101,stability
exp3,synthetic,LogisticRegression,5,1.7227345700341241,0.03006739038502431,0.004353020960438101,stability
exp3,synthetic,LogisticRegression,10,2.3304625362994207,0.04067424435280276,0.00513515427318272,stability
exp3,synthetic,LogisticRegression,10,1.557915766439219,0.027190759593095346,0.00513515427318272,stability
exp3,synthetic,LogisticRegression,10,2.19014173509698,0.03822518436278375,0.00513515427318272,stability
exp3,synthetic,LogisticRegression,10,2.949150958773147,0.05147239436893897,0.00513515427318272,stability
exp3,synthetic,LogisticRegression,10,1.817218087961937,0.031716438861731734,0.00513515427318272,stability
exp3,synthetic,LogisticRegression,10,2.366435759643138,0.041302095542705905,0.00513515427318272,stability
exp3,synthetic,LogisticRegression,10,2.3370219456829315,0.04078872764353123,0.00513515427318272,stability
exp3,synthetic,LogisticRegression,10,2.171066289521879,0.037892255031213254,0.00513515427318272,stability
exp3,synthetic,LogisticRegression,10,1.4958177181713421,0.026106944191758533,0.00513515427318272,stability
exp3,synthetic,LogisticRegression,10,2.3005043945360577,0.04015137614125285,0.00513515427318272,stability
exp3,synthetic,LogisticRegression,10,1.8632774037365243,0.03252032557321404,0.00513515427318272,stability
exp3,synthetic,LogisticRegression,10,3.0591397092506893,0.05339206020492656,0.00513515427318272,stability
exp3,synthetic,LogisticRegression,10,2.03249210418258,0.035473679238773634,0.00513515427318272,stability
exp3,synthetic,LogisticRegression,10,2.252573208743522,0.03931481913478797,0.00513515427318272,stability
exp3,synthetic,LogisticRegression,10,2.5567769425239524,0.044624175886116786,0.00513515427318272,stability
exp3,synthetic,LogisticRegression,10,3.280666875917964,0.05725843864588474,0.00513515427318272,stability
exp3,synthetic,LogisticRegression,10,2.3553071072721337,0.04110786391752201,0.00513515427318272,stability
exp3,synthetic,LogisticRegression,10,2.197424385308256,0.03835229058724157,0.00513515427318272,stability
exp3,synthetic,LogisticRegression,10,2.9989106140759993,0.052340864188631195,0.00513515427318272,stability
exp3,synthetic,LogisticRegression,10,2.0775344887276024,0.03625981715203368,0.00513515427318272,stability
exp3,synthetic,LogisticRegression,10,2.7494263452159626,0.04798654226509279,0.00513515427318272,stability
exp3,synthetic,LogisticRegression,10,2.2995015398882668,0.040133873025729974,0.00513515427318272,stability
exp3,synthetic,LogisticRegression,10,2.8690141297085687,0.050073742849654185,0.00513515427318272,stability
exp3,synthetic,LogisticRegression,10,1.8833281769717036,0.03287027758373868,0.00513515427318272,stability
exp3,synthetic,LogisticRegression,10,3.090012636244881,0.05393089443070304,0.00513515427318272,stability
exp3,synthetic,LogisticRegression,10,2.7237571509494343,0.04753853030880783,0.00513515427318272,stability
exp3,synthetic,LogisticRegression,10,1.8006009128176024,0.03142641444308253,0.00513515427318272,stability
exp3,synthetic,LogisticRegression,10,2.384122476585098,0.04161078698721138,0.00513515427318272,stability
exp3,synthetic,LogisticRegression,10,2.4490368216389062,0.04274375604017602,0.00513515427318272,stability
exp3,synthetic,LogisticRegression,10,2.2765455623211337,0.039733215634169546,0.00513515427318272,stability
exp3,synthetic,LogisticRegression,10,2.0988638464695453,0.036632084671966325,0.00513515427318272,stability
exp3,synthetic,LogisticRegression,10,1.9792420805218487,0.034544290999128986,0.00513515427318272,stability
exp3,synthetic,LogisticRegression,10,1.150564091410538,0.020081131650330895,0.00513515427318272,stability
exp3,synthetic,LogisticRegression,10,2.8157373715305947,0.04914388800465973,0.00513515427318272,stability
exp3,synthetic,LogisticRegression,10,1.5212794664192262,0.02655133553199801,0.00513515427318272,stability
exp3,synthetic,LogisticRegression,10,2.2652922184440687,0.03953680773165562,0.00513515427318272,stability
exp3,synthetic,LogisticRegression,10,1.8442188271656499,0.03218769066130884,0.00513515427318272,stability
exp3,synthetic,LogisticRegression,10,2.8802787794680165,0.05027034807704053,0.00513515427318272,stability
exp3,synthetic,LogisticRegression,10,1.4366435542627998,0.02507416019943967,0.00513515427318272,stability
exp3,synthetic,LogisticRegression,10,1.3572918528162394,0.023689211742137648,0.00513515427318272,stability
exp3,synthetic,LogisticRegression,10,2.5329065181654395,0.04420755838721248,0.00513515427318272,stability
exp3,synthetic,LogisticRegression,10,1.7257414391614505,0.03011987015147272,0.00513515427318272,stability
exp3,synthetic,LogisticRegression,10,2.7889116605330146,0.0486756910235635,0.00513515427318272,stability
exp3,synthetic,LogisticRegression,10,1.2799110517452816,0.02233866198561868,0.00513515427318272,stability
exp3,synthetic,LogisticRegression,10,1.8852862860740058,0.03290445303468712,0.00513515427318272,stability
exp3,synthetic,LogisticRegression,20,2.45918754008339,0.04292091949847518,0.0063989434514055464,stability
exp3,synthetic,LogisticRegression,20,1.8450206505446844,0.03220168511929245,0.0063989434514055464,stability
exp3,synthetic,LogisticRegression,20,2.623441069170334,0.04578768438906263,0.0063989434514055464,stability
exp3,synthetic,LogisticRegression,20,3.1391967890801107,0.054789319837481906,0.0063989434514055464,stability
exp3,synthetic,LogisticRegression,20,1.8204177959908063,0.031772284301938,0.0063989434514055464,stability
exp3,synthetic,LogisticRegression,20,2.6311470326480637,0.04592217882378745,0.0063989434514055464,stability
exp3,synthetic,LogisticRegression,20,2.444053590680735,0.04265678225256862,0.0063989434514055464,stability
exp3,synthetic,LogisticRegression,20,2.2675769634416985,0.03957668405443272,0.0063989434514055464,stability
exp3,synthetic,LogisticRegression,20,1.356759331951958,0.02367991749972037,0.0063989434514055464,stability
exp3,synthetic,LogisticRegression,20,2.80550730487101,0.04896533965875148,0.0063989434514055464,stability
exp3,synthetic,LogisticRegression,20,2.3514396936609234,0.04104036481646995,0.0063989434514055464,stability
exp3,synthetic,LogisticRegression,20,3.4495827947688613,0.060206577588864454,0.0063989434514055464,stability
exp3,synthetic,LogisticRegression,20,2.2691564306452108,0.03960425095756128,0.0063989434514055464,stability
exp3,synthetic,LogisticRegression,20,2.6204509631889885,0.04573549719470458,0.0063989434514055464,stability
exp3,synthetic,LogisticRegression,20,2.897350847358531,0.050568311871854024,0.0063989434514055464,stability
exp3,synthetic,LogisticRegression,20,3.6392841392401722,0.06351749064534877,0.0063989434514055464,stability
exp3,synthetic,LogisticRegression,20,2.645675814597606,0.04617575390511128,0.0063989434514055464,stability
exp3,synthetic,LogisticRegression,20,2.6499890711834326,0.046251034434017284,0.0063989434514055464,stability
exp3,synthetic,LogisticRegression,20,3.2944673046285753,0.057499301565071666,0.0063989434514055464,stability
exp3,synthetic,LogisticRegression,20,2.3979160389725767,0.041851530066452126,0.0063989434514055464,stability
exp3,synthetic,LogisticRegression,20,3.163947199823588,0.05522129599617656,0.0063989434514055464,stability
exp3,synthetic,LogisticRegression,20,2.506422963212977,0.043745333155659163,0.0063989434514055464,stability
exp3,synthetic,LogisticRegression,20,3.0692055029738445,0.0535677414472222,0.0063989434514055464,stability
exp3,synthetic,LogisticRegression,20,1.9850653362820962,0.03464592598533103,0.0063989434514055464,stability
exp3,synthetic,LogisticRegression,20,3.458162220937851,0.06035631682344508,0.0063989434514055464,stability
exp3,synthetic,LogisticRegression,20,3.1412336031923176,0.054824868949990994,0.0063989434514055464,stability
exp3,synthetic,LogisticRegression,20,2.0805907027882555,0.03631315815003782,0.0063989434514055464,stability
exp3,synthetic,LogisticRegression,20,2.6052503459975065,0.04547019637637796,0.0063989434514055464,stability
exp3,synthetic,LogisticRegression,20,2.718490667624457,0.04744661283478559,0.0063989434514055464,stability
exp3,synthetic,LogisticRegression,20,2.5158198285408147,0.04390933939499642,0.0063989434514055464,stability
exp3,synthetic,LogisticRegression,20,2.2176684345521416,0.03870561590048325,0.0063989434514055464,stability
exp3,synthetic,LogisticRegression,20,2.1428464987435314,0.037399726767907156,0.0063989434514055464,stability
exp3,synthetic,LogisticRegression,20,1.2867339269011275,0.022457743621540713,0.0063989434514055464,stability
exp3,synthetic,LogisticRegression,20,3.415572128111754,0.059612979474899686,0.0063989434514055464,stability
exp3,synthetic,LogisticRegression,20,1.927178474314575,0.033635609650350305,0.0063989434514055464,stability
exp3,synthetic,LogisticRegression,20,2.3786020348823436,0.04151443710333391,0.0063989434514055464,stability
exp3,synthetic,LogisticRegression,20,2.00865476305686,0.03505763915120877,0.0063989434514055464,stability
exp3,synthetic,LogisticRegression,20,3.061587820363085,0.053434787804292526,0.0063989434514055464,stability
exp3,synthetic,LogisticRegression,20,1.599104718789049,0.027909642427046934,0.0063989434514055464,stability
exp3,synthetic,LogisticRegression,20,1.5696908733666606,0.027396273978753598,0.0063989434514055464,stability
exp3,synthetic,LogisticRegression,20,3.0002495891766974,0.0523642337127406,0.0063989434514055464,stability
exp3,synthetic,LogisticRegression,20,2.0284997672125082,0.035403999813796785,0.0063989434514055464,stability
exp3,synthetic,LogisticRegression,20,3.17544976150915,0.05542205357000337,0.0063989434514055464,stability
exp3,synthetic,LogisticRegression,20,1.5183534773233307,0.02650026738839718,0.0063989434514055464,stability
exp3,synthetic,LogisticRegression,20,2.0485786674790853,0.03575444273362812,0.0063989434514055464,stability
exp3,synthetic,LogisticRegression,50,2.609679137002919,0.04554749336130512,0.008978350025334867,stability
exp3,synthetic,LogisticRegression,50,2.4938176221512274,0.04352532845079479,0.008978350025334867,stability
exp3,synthetic,LogisticRegression,50,3.345762998352858,0.05839458031265499,0.008978350025334867,stability
exp3,synthetic,LogisticRegression,50,3.3336716999831957,0.05818354734526336,0.008978350025334867,stability
exp3,synthetic,LogisticRegression,50,1.8715415415469923,0.032664561987845266,0.008978350025334867,stability
exp3,synthetic,LogisticRegression,50,2.91371055928209,0.05085384270959789,0.008978350025334867,stability
exp3,synthetic,LogisticRegression,50,2.5938624665315437,0.045271440384876654,0.008978350025334867,stability
exp3,synthetic,LogisticRegression,50,2.581553342282448,0.04505660563869286,0.008978350025334867,stability
exp3,synthetic,LogisticRegression,50,1.222970106198093,0.021344855006621435,0.008978350025334867,stability
exp3,synthetic,LogisticRegression,50,3.600862988590366,0.06284691506410489,0.008978350025334867,stability
exp3,synthetic,LogisticRegression,50,3.24275630451823,0.05659677435364699,0.008978350025334867,stability
exp3,synthetic,LogisticRegression,50,3.827345479198026,0.0667997802233257,0.008978350025334867,stability
exp3,synthetic,LogisticRegression,50,2.6944741423352383,0.047027445393600244,0.008978350025334867,stability
exp3,synthetic,LogisticRegression,50,3.2279087502731674,0.056337635646202186,0.008978350025334867,stability
exp3,synthetic,LogisticRegression,50,3.241204608233856,0.05656969214449369,0.008978350025334867,stability
exp3,synthetic,LogisticRegression,50,4.027860792218386,0.07029943263619803,0.008978350025334867,stability
exp3,synthetic,LogisticRegression,50,3.001908740827171,0.05239319137183126,0.008978350025334867,stability
exp3,synthetic,LogisticRegression,50,3.487286372287308,0.06086462915634226,0.008978350025334867,stability
exp3,synthetic,LogisticRegression,50,3.7857698817014915,0.06607414915852726,0.008978350025334867,stability
exp3,synthetic,LogisticRegression,50,2.9910170505473364,0.052203095515340685,0.008978350025334867,stability
exp3,synthetic,LogisticRegression,50,3.9520818223539154,0.06897684010829346,0.008978350025334867,stability
exp3,synthetic,LogisticRegression,50,2.951094194798291,0.0515063102357211,0.008978350025334867,stability
exp3,synthetic,LogisticRegression,50,3.5731315119194553,0.062362909489757506,0.008978350025334867,stability
exp3,synthetic,LogisticRegression,50,2.116367886449983,0.03693758780202569,0.008978350025334867,stability
exp3,synthetic,LogisticRegression,50,4.037321276864904,0.07046454924211414,0.008978350025334867,stability
exp3,synthetic,LogisticRegression,50,3.877159846965691,0.06766920495567079,0.008978350025334867,stability
exp3,synthetic,LogisticRegression,50,2.832436317816858,0.0494353395989687,0.008978350025334867,stability
exp3,synthetic,LogisticRegression,50,3.0263100614754914,0.05281907475897933,0.008978350025334867,stability
exp3,synthetic,LogisticRegression,50,3.1166965666298094,0.054396616873293,0.008978350025334867,stability
exp3,synthetic,LogisticRegression,50,2.9133118428089784,0.05084688379436016,0.008978350025334867,stability
exp3,synthetic,LogisticRegression,50,2.237570818781184,0.039052978034277035,0.008978350025334867,stability
exp3,synthetic,LogisticRegression,50,2.3635503049501123,0.04125173485789549,0.008978350025334867,stability
exp3,synthetic,LogisticRegression,50,1.5414135922532193,0.026902742319812035,0.008978350025334867,stability
exp3,synthetic,LogisticRegression,50,4.1695903061026005,0.0727730793007286,0.008978350025334867,stability
exp3,synthetic,LogisticRegression,50,2.5750148551469305,0.04494248751007879,0.008978350025334867,stability
exp3,synthetic,LogisticRegression,50,2.5595708371382533,0.04467293854609007,0.008978350025334867,stability
exp3,synthetic,LogisticRegression,50,2.2492521097071023,0.039256855021817645,0.008978350025334867,stability
exp3,synthetic,LogisticRegression,50,3.253627335329432,0.05678650963438821,0.008978350025334867,stability
exp3,synthetic,LogisticRegression,50,1.8316071847307247,0.031967575976735156,0.008978350025334867,stability
exp3,synthetic,LogisticRegression,50,2.002967955738991,0.03495838563958545,0.008978350025334867,stability
exp3,synthetic,LogisticRegression,50,3.579885089430717,0.06248078165361767,0.008978350025334867,stability
exp3,synthetic,LogisticRegression,50,2.574555177375543,0.044934464619469844,0.008978350025334867,stability
exp3,synthetic,LogisticRegression,50,3.7392340807419835,0.0652619462117311,0.008978350025334867,stability
exp3,synthetic,LogisticRegression,50,1.9079142144597474,0.0332993848879238,0.008978350025334867,stability
exp3,synthetic,LogisticRegression,50,2.3176479521821163,0.040450587667682024,0.008978350025334867,stability
exp3,breast_cancer,LogisticRegression,0,32.97757889709508,0.5755673310905094,0.9575892486166551,stability
exp3,breast_cancer,LogisticRegression,0,43.35516568507784,0.7566903889522714,0.9575892486166551,stability
exp3,breast_cancer,LogisticRegression,0,48.89244654105418,0.8533341714967082,0.9575892486166551,stability
exp3,breast_cancer,LogisticRegression,0,26.188879516138922,0.45708217496472364,0.9575892486166551,stability
exp3,breast_cancer,LogisticRegression,0,34.054274190725835,0.5943592090050932,0.9575892486166551,stability
exp3,breast_cancer,LogisticRegression,0,43.52547874789735,0.7596629126576276,0.9575892486166551,stability
exp3,breast_cancer,LogisticRegression,0,42.56443513099897,0.742889537287476,0.9575892486166551,stability
exp3,breast_cancer,LogisticRegression,0,27.665747581232075,0.48285838531815706,0.9575892486166551,stability
exp3,breast_cancer,LogisticRegression,0,29.77762501172076,0.5197175998787423,0.9575892486166551,stability
exp3,breast_cancer,LogisticRegression,0,29.323807941921064,0.5117969978089847,0.9575892486166551,stability
exp3,breast_cancer,LogisticRegression,0,33.78367898047905,0.5896364316461605,0.9575892486166551,stability
exp3,breast_cancer,LogisticRegression,0,33.953413269808586,0.5925988538484936,0.9575892486166551,stability
exp3,breast_cancer,LogisticRegression,0,24.144125068519617,0.42139447745896885,0.9575892486166551,stability
exp3,breast_cancer,LogisticRegression,0,35.225971681115354,0.6148091880497449,0.9575892486166551,stability
exp3,breast_cancer,LogisticRegression,0,24.936626318226285,0.4352262335925199,0.9575892486166551,stability
exp3,breast_cancer,LogisticRegression,0,38.95379035386711,0.6798718978065882,0.9575892486166551,stability
exp3,breast_cancer,LogisticRegression,0,36.68773306438594,0.6403217370663234,0.9575892486166551,stability
exp3,breast_cancer,LogisticRegression,0,24.837509052749475,0.4334963109643763,0.9575892486166551,stability
exp3,breast_cancer,LogisticRegression,0,45.82853908755364,0.7998588984567289,0.9575892486166551,stability
exp3,breast_cancer,LogisticRegression,0,35.308098453543856,0.6162425706326584,0.9575892486166551,stability
exp3,breast_cancer,LogisticRegression,0,24.11758244565904,0.4209312212979366,0.9575892486166551,stability
exp3,breast_cancer,LogisticRegression,0,26.71763544752602,0.46631070690687776,0.9575892486166551,stability
exp3,breast_cancer,LogisticRegression,0,41.74629317888307,0.7286102664743597,0.9575892486166551,stability
exp3,breast_cancer,LogisticRegression,0,41.55414774532978,0.7252566960161827,0.9575892486166551,stability
exp3,breast_cancer,LogisticRegression,0,52.910757310908146,0.9234669247990083,0.9575892486166551,stability
exp3,breast_cancer,LogisticRegression,0,37.813226648372435,0.6599653058169591,0.9575892486166551,stability
exp3,breast_cancer,LogisticRegression,0,25.583168471495572,0.4465105229200028,0.9575892486166551,stability
exp3,breast_cancer,LogisticRegression,0,26.544733377670806,0.463292996504391,0.9575892486166551,stability
exp3,breast_cancer,LogisticRegression,0,48.65478566446049,0.8491862066969725,0.9575892486166551,stability
exp3,breast_cancer,LogisticRegression,0,47.53510717949561,0.8296441305705936,0.9575892486166551,stability
exp3,breast_cancer,LogisticRegression,0,38.36973939900798,0.6696782856448795,0.9575892486166551,stability
exp3,breast_cancer,LogisticRegression,0,45.65687143017603,0.7968627326163041,0.9575892486166551,stability
exp3,breast_cancer,LogisticRegression,0,47.29186336880346,0.8253987251889178,0.9575892486166551,stability
exp3,breast_cancer,LogisticRegression,0,33.24422146050305,0.5802211217479362,0.9575892486166551,stability
exp3,breast_cancer,LogisticRegression,0,33.059598665211816,0.5769988460958687,0.9575892486166551,stability
exp3,breast_cancer,LogisticRegression,0,36.250297936720806,0.6326870538246852,0.9575892486166551,stability
exp3,breast_cancer,LogisticRegression,0,36.6625627650883,0.6398824324698673,0.9575892486166551,stability
exp3,breast_cancer,LogisticRegression,0,34.76553547168505,0.6067730601997839,0.9575892486166551,stability
exp3,breast_cancer,LogisticRegression,0,37.0597605383174,0.6468148413943047,0.9575892486166551,stability
exp3,breast_cancer,LogisticRegression,0,33.680703137085516,0.5878391641289252,0.9575892486166551,stability
exp3,breast_cancer,LogisticRegression,0,40.019973777727074,0.6984803089831307,0.9575892486166551,stability
exp3,breast_cancer,LogisticRegression,0,44.98106735980887,0.7850677264900177,0.9575892486166551,stability
exp3,breast_cancer,LogisticRegression,0,47.46144022899427,0.8283583997344415,0.9575892486166551,stability
exp3,breast_cancer,LogisticRegression,0,50.40341913352582,0.8797056181427331,0.9575892486166551,stability
exp3,breast_cancer,LogisticRegression,0,33.67512731495488,0.5877418476742401,0.9575892486166551,stability
exp3,breast_cancer,LogisticRegression,1,32.50511859736121,0.5673213432751941,0.776961254711913,stability
exp3,breast_cancer,LogisticRegression,1,36.63232850692031,0.6393547451179378,0.776961254711913,stability
exp3,breast_cancer,LogisticRegression,1,39.15749091642026,0.6834271433113053,0.776961254711913,stability
exp3,breast_cancer,LogisticRegression,1,33.60132977598424,0.5864538376393337,0.776961254711913,stability
exp3,breast_cancer,LogisticRegression,1,31.464687651347546,0.5491623976276163,0.776961254711913,stability
exp3,breast_cancer,LogisticRegression,1,41.868897656921426,0.7307501182938181,0.776961254711913,stability
exp3,breast_cancer,LogisticRegression,1,36.89826953531016,0.6439962916794804,0.776961254711913,stability
exp3,breast_cancer,LogisticRegression,1,23.53479053684559,0.4107595836351594,0.776961254711913,stability
exp3,breast_cancer,LogisticRegression,1,27.08011433564536,0.47263715697352837,0.776961254711913,stability
exp3,breast_cancer,LogisticRegression,1,27.44945583262085,0.47908338215999535,0.776961254711913,stability
exp3,breast_cancer,LogisticRegression,1,29.157205005242645,0.5088892280204547,0.776961254711913,stability
exp3,breast_cancer,LogisticRegression,1,33.18330840187927,0.579157988317491,0.776961254711913,stability
exp3,breast_cancer,LogisticRegression,1,20.78533288580229,0.3627724949803045,0.776961254711913,stability
exp3,breast_cancer,LogisticRegression,1,29.575342000279992,0.5161870953082516,0.776961254711913,stability
exp3,breast_cancer,LogisticRegression,1,29.42195464932146,0.5135099810031131,0.776961254711913,stability
exp3,breast_cancer,LogisticRegression,1,31.905405852155372,0.5568543813051784,0.776961254711913,stability
exp3,breast_cancer,LogisticRegression,1,28.922948176765157,0.5048006750682429,0.776961254711913,stability
exp3,breast_cancer,LogisticRegression,1,19.29436500706622,0.33675019645488447,0.776961254711913,stability
exp3,breast_cancer,LogisticRegression,1,33.210293128905846,0.5796289606518567,0.776961254711913,stability
exp3,breast_cancer,LogisticRegression,1,28.418035315211675,0.4959882831984684,0.776961254711913,stability
exp3,breast_cancer,LogisticRegression,1,22.109248970289705,0.38587918967472135,0.776961254711913,stability
exp3,breast_cancer,LogisticRegression,1,24.653143277607562,0.4302785211601584,0.776961254711913,stability
exp3,breast_cancer,LogisticRegression,1,33.44778277326914,0.5837739368853865,0.776961254711913,stability
exp3,breast_cancer,LogisticRegression,1,34.0342885277642,0.5940103933832188,0.776961254711913,stability
exp3,breast_cancer,LogisticRegression,1,40.37304581752921,0.7046425785744105,0.776961254711913,stability
exp3,breast_cancer,LogisticRegression,1,32.558016459861165,0.5682445851430855,0.776961254711913,stability
exp3,breast_cancer,LogisticRegression,1,22.242595338048567,0.38820652283768864,0.776961254711913,stability
exp3,breast_cancer,LogisticRegression,1,20.170633238950455,0.35204396223189355,0.776961254711913,stability
exp3,breast_cancer,LogisticRegression,1,35.37159753507929,0.617350838677444,0.776961254711913,stability
exp3,breast_cancer,LogisticRegression,1,42.144710630381226,0.7355639628004074,0.776961254711913,stability
exp3,breast_cancer,LogisticRegression,1,28.608825530815114,0.4993182006413382,0.776961254711913,stability
exp3,breast_cancer,LogisticRegression,1,37.32528939066211,0.6514491941267617,0.776961254711913,stability
exp3,breast_cancer,LogisticRegression,1,43.1495716032676,0.7531020953020682,0.776961254711913,stability
exp3,breast_cancer,LogisticRegression,1,33.314899894480845,0.5814546931310023,0.776961254711913,stability
exp3,breast_cancer,LogisticRegression,1,34.973521537017774,0.6104031018381081,0.776961254711913,stability
exp3,breast_cancer,LogisticRegression,1,27.297419590824035,0.47642984915828274,0.776961254711913,stability
exp3,breast_cancer,LogisticRegression,1,30.924959687810293,0.5397423675988073,0.776961254711913,stability
exp3,breast_cancer,LogisticRegression,1,28.625063194215166,0.4996016013304997,0.776961254711913,stability
exp3,breast_cancer,LogisticRegression,1,26.21656724698321,0.4575654170303624,0.776961254711913,stability
exp3,breast_cancer,LogisticRegression,1,29.026242835596733,0.5066035069645781,0.776961254711913,stability
exp3,breast_cancer,LogisticRegression,1,37.80397009583497,0.6598037484977965,0.776961254711913,stability
exp3,breast_cancer,LogisticRegression,1,38.449055104388,0.6710626058523027,0.776961254711913,stability
exp3,breast_cancer,LogisticRegression,1,39.04393495464947,0.6814452178931363,0.776961254711913,stability
exp3,breast_cancer,LogisticRegression,1,42.77419840927386,0.7465505971431499,0.776961254711913,stability
exp3,breast_cancer,LogisticRegression,1,25.782621503734116,0.4499916350356518,0.776961254711913,stability
exp3,breast_cancer,LogisticRegression,5,40.357289453316014,0.7043675781407468,1.224941508804853,stability
exp3,breast_cancer,LogisticRegression,5,47.420161201821394,0.8276379447982546,1.224941508804853,stability
exp3,breast_cancer,LogisticRegression,5,51.87640212350782,0.9054140211437895,1.224941508804853,stability
exp3,breast_cancer,LogisticRegression,5,38.30087134569765,0.6684763113651754,1.224941508804853,stability
exp3,breast_cancer,LogisticRegression,5,38.018282906800714,0.663544212678353,1.224941508804853,stability
exp3,breast_cancer,LogisticRegression,5,52.50621071491263,0.9164062547211511,1.224941508804853,stability
exp3,breast_cancer,LogisticRegression,5,46.36555894561019,0.8092316631284082,1.224941508804853,stability
exp3,breast_cancer,LogisticRegression,5,26.970361250524448,0.4707216042739469,1.224941508804853,stability
exp3,breast_cancer,LogisticRegression,5,31.556535822828405,0.5507654506318936,1.224941508804853,stability
exp3,breast_cancer,LogisticRegression,5,32.039800247798986,0.5592000060053874,1.224941508804853,stability
exp3,breast_cancer,LogisticRegression,5,35.22722088326059,0.6148309907402023,1.224941508804853,stability
exp3,breast_cancer,LogisticRegression,5,39.412868115188076,0.6878843162643237,1.224941508804853,stability
exp3,breast_cancer,LogisticRegression,5,21.0862824814834,0.3680250563074856,1.224941508804853,stability
exp3,breast_cancer,LogisticRegression,5,34.10739698825623,0.595286376729869,1.224941508804853,stability
exp3,breast_cancer,LogisticRegression,5,36.807247591064,0.6424076590608181,1.224941508804853,stability
exp3,breast_cancer,LogisticRegression,5,37.65133452257656,0.6571397551887682,1.224941508804853,stability
exp3,breast_cancer,LogisticRegression,5,36.72342356326438,0.6409446537834316,1.224941508804853,stability
exp3,breast_cancer,LogisticRegression,5,20.299950923221836,0.35430098160348367,1.224941508804853,stability
exp3,breast_cancer,LogisticRegression,5,45.21917936197259,0.7892235649162905,1.224941508804853,stability
exp3,breast_cancer,LogisticRegression,5,33.28011759367676,0.580847627460552,1.224941508804853,stability
exp3,breast_cancer,LogisticRegression,5,23.800889960211514,0.4154038947105531,1.224941508804853,stability
exp3,breast_cancer,LogisticRegression,5,29.620223993850445,0.5169704338709149,1.224941508804853,stability
exp3,breast_cancer,LogisticRegression,5,41.18253471549238,0.7187708251022082,1.224941508804853,stability
exp3,breast_cancer,LogisticRegression,5,45.54632831321333,0.7949333912598877,1.224941508804853,stability
exp3,breast_cancer,LogisticRegression,5,52.923617480708224,0.923691377104385,1.224941508804853,stability
exp3,breast_cancer,LogisticRegression,5,37.964990964374614,0.6626140928182342,1.224941508804853,stability
exp3,breast_cancer,LogisticRegression,5,24.48286089358082,0.4273065329007463,1.224941508804853,stability
exp3,breast_cancer,LogisticRegression,5,25.102197762664083,0.4381160004452424,1.224941508804853,stability
exp3,breast_cancer,LogisticRegression,5,45.25134685413618,0.7897849935666545,1.224941508804853,stability
exp3,breast_cancer,LogisticRegression,5,55.71573041217812,0.9724229408460455,1.224941508804853,stability
exp3,breast_cancer,LogisticRegression,5,34.38549269210451,0.6001400623976725,1.224941508804853,stability
exp3,breast_cancer,LogisticRegression,5,48.019804688528154,0.8381036979794264,1.224941508804853,stability
exp3,breast_cancer,LogisticRegression,5,54.08858922974621,0.944023969817815,1.224941508804853,stability
exp3,breast_cancer,LogisticRegression,5,36.00454763353605,0.6283979018963368,1.224941508804853,stability
exp3,breast_cancer,LogisticRegression,5,35.923530067591535,0.6269838786186535,1.224941508804853,stability
exp3,breast_cancer,LogisticRegression,5,30.890756640161065,0.5391454118031118,1.224941508804853,stability
exp3,breast_cancer,LogisticRegression,5,37.04978936843228,0.6466408116495337,1.224941508804853,stability
exp3,breast_cancer,LogisticRegression,5,35.37576221485111,0.6174235260517535,1.224941508804853,stability
exp3,breast_cancer,LogisticRegression,5,34.01017227071778,0.5935894852945015,1.224941508804853,stability
exp3,breast_cancer,LogisticRegression,5,36.47582690497493,0.6366232768793454,1.224941508804853,stability
exp3,breast_cancer,LogisticRegression,5,46.27492308648503,0.8076497689663005,1.224941508804853,stability
exp3,breast_cancer,LogisticRegression,5,50.352984502468786,0.8788253677737591,1.224941508804853,stability
exp3,breast_cancer,LogisticRegression,5,49.01644426959473,0.855498340124735,1.224941508804853,stability
exp3,breast_cancer,LogisticRegression,5,56.830823790374154,0.9918849917627527,1.224941508804853,stability
exp3,breast_cancer,LogisticRegression,5,29.56539466425303,0.5160134815427788,1.224941508804853,stability
exp3,breast_cancer,LogisticRegression,10,41.20935631730594,0.7192389503645138,1.2301984305014333,stability
exp3,breast_cancer,LogisticRegression,10,48.74879195580178,0.8508269259984671,1.2301984305014333,stability
exp3,breast_cancer,LogisticRegression,10,53.513546645230726,0.933987583378842,1.2301984305014333,stability
exp3,breast_cancer,LogisticRegression,10,37.993067206909714,0.6631041156920603,1.2301984305014333,stability
exp3,breast_cancer,LogisticRegression,10,38.775004105794665,0.6767514891204366,1.2301984305014333,stability
exp3,breast_cancer,LogisticRegression,10,53.454548949126554,0.9329578793307333,1.2301984305014333,stability
exp3,breast_cancer,LogisticRegression,10,47.562818414723026,0.8301277828651067,1.2301984305014333,stability
exp3,breast_cancer,LogisticRegression,10,26.133291722477722,0.4561119849414164,1.2301984305014333,stability
exp3,breast_cancer,LogisticRegression,10,32.03279687644892,0.5590777741165889,1.2301984305014333,stability
exp3,breast_cancer,LogisticRegression,10,32.36971333872339,0.5649580756874497,1.2301984305014333,stability
exp3,breast_cancer,LogisticRegression,10,34.72319249839218,0.6060340359007393,1.2301984305014333,stability
exp3,breast_cancer,LogisticRegression,10,40.09059948255366,0.6997129600688963,1.2301984305014333,stability
exp3,breast_cancer,LogisticRegression,10,20.583569937480654,0.3592510672235608,1.2301984305014333,stability
exp3,breast_cancer,LogisticRegression,10,34.17993754259519,0.5965524482443056,1.2301984305014333,stability
exp3,breast_cancer,LogisticRegression,10,37.39322816212791,0.6526349493786,1.2301984305014333,stability
exp3,breast_cancer,LogisticRegression,10,37.56549250296381,0.6556415293099641,1.2301984305014333,stability
exp3,breast_cancer,LogisticRegression,10,37.290651075947906,0.650844641487657,1.2301984305014333,stability
exp3,breast_cancer,LogisticRegression,10,19.71151529271925,0.34403084241516474,1.2301984305014333,stability
exp3,breast_cancer,LogisticRegression,10,46.873990091796415,0.8181054606490464,1.2301984305014333,stability
exp3,breast_cancer,LogisticRegression,10,33.727358875606356,0.5886534603810635,1.2301984305014333,stability
exp3,breast_cancer,LogisticRegression,10,23.21359055385778,0.4051535863746723,1.2301984305014333,stability
exp3,breast_cancer,LogisticRegression,10,30.588504935519964,0.5338701243873591,1.2301984305014333,stability
exp3,breast_cancer,LogisticRegression,10,41.94738333025184,0.7321199517090785,1.2301984305014333,stability
exp3,breast_cancer,LogisticRegression,10,46.67621790792614,0.8146536848716505,1.2301984305014333,stability
exp3,breast_cancer,LogisticRegression,10,54.25738762746839,0.946970057630158,1.2301984305014333,stability
exp3,breast_cancer,LogisticRegression,10,37.73779606017844,0.658648793696258,1.2301984305014333,stability
exp3,breast_cancer,LogisticRegression,10,23.609305045998912,0.4120601071603923,1.2301984305014333,stability
exp3,breast_cancer,LogisticRegression,10,26.489893709081684,0.46233586372680835,1.2301984305014333,stability
exp3,breast_cancer,LogisticRegression,10,46.420436930962445,0.8101894646596663,1.2301984305014333,stability
exp3,breast_cancer,LogisticRegression,10,56.585304373110354,0.9875998695539215,1.2301984305014333,stability
exp3,breast_cancer,LogisticRegression,10,34.901066670749415,0.6091385258626331,1.2301984305014333,stability
exp3,breast_cancer,LogisticRegression,10,49.16233872472891,0.8580446787272297,1.2301984305014333,stability
exp3,breast_cancer,LogisticRegression,10,54.760329455241866,0.9557480484708034,1.2301984305014333,stability
exp3,breast_cancer,LogisticRegression,10,35.53633370128813,0.6202260271749009,1.2301984305014333,stability
exp3,breast_cancer,LogisticRegression,10,35.67331583005911,0.6226168163383454,1.2301984305014333,stability
exp3,breast_cancer,LogisticRegression,10,31.027743126596857,0.5415362770221549,1.2301984305014333,stability
exp3,breast_cancer,LogisticRegression,10,37.47087950656861,0.6539902210076904,1.2301984305014333,stability
exp3,breast_cancer,LogisticRegression,10,35.49558500599944,0.6195148282762214,1.2301984305014333,stability
exp3,breast_cancer,LogisticRegression,10,34.397096545791655,0.6003425878504328,1.2301984305014333,stability
exp3,breast_cancer,LogisticRegression,10,37.46113034175345,0.6538200659823463,1.2301984305014333,stability
exp3,breast_cancer,LogisticRegression,10,46.53736035015585,0.8122301632972808,1.2301984305014333,stability
exp3,breast_cancer,LogisticRegression,10,51.029209332409685,0.8906277175399666,1.2301984305014333,stability
exp3,breast_cancer,LogisticRegression,10,49.893594218007756,0.8708074947582408,1.2301984305014333,stability
exp3,breast_cancer,LogisticRegression,10,58.27148677663049,1.0170293042845395,1.2301984305014333,stability
exp3,breast_cancer,LogisticRegression,10,29.97514986737013,0.5231650589643504,1.2301984305014333,stability
exp3,breast_cancer,LogisticRegression,20,41.18503467430523,0.7188144576146567,1.152475312574698,stability
exp3,breast_cancer,LogisticRegression,20,48.60527518375741,0.8483220857944588,1.152475312574698,stability
exp3,breast_cancer,LogisticRegression,20,53.51919840095689,0.9340862251247819,1.152475312574698,stability
exp3,breast_cancer,LogisticRegression,20,36.25622718477401,0.632790538725381,1.152475312574698,stability
exp3,breast_cancer,LogisticRegression,20,38.497012616618036,0.6718996223417822,1.152475312574698,stability
exp3,breast_cancer,LogisticRegression,20,52.94286373294193,0.9240272875745326,1.152475312574698,stability
exp3,breast_cancer,LogisticRegression,20,47.89855617780203,0.8359875122541158,1.152475312574698,stability
exp3,breast_cancer,LogisticRegression,20,24.63473514218705,0.4299572385879175,1.152475312574698,stability
exp3,breast_cancer,LogisticRegression,20,31.599932292090024,0.5515228619042495,1.152475312574698,stability
exp3,breast_cancer,LogisticRegression,20,31.51029419239434,0.5499583819293288,1.152475312574698,stability
exp3,breast_cancer,LogisticRegression,20,32.82982621830333,0.5729885603669518,1.152475312574698,stability
exp3,breast_cancer,LogisticRegression,20,39.8630042268789,0.6957406734954534,1.152475312574698,stability
exp3,breast_cancer,LogisticRegression,20,19.701646228551834,0.3438585947513527,1.152475312574698,stability
exp3,breast_cancer,LogisticRegression,20,33.08204050716697,0.5773905301281984,1.152475312574698,stability
exp3,breast_cancer,LogisticRegression,20,36.47388883603983,0.6365894511952972,1.152475312574698,stability
exp3,breast_cancer,LogisticRegression,20,36.940020896201005,0.644724990394214,1.152475312574698,stability
exp3,breast_cancer,LogisticRegression,20,37.20251701562421,0.6493064119518571,1.152475312574698,stability
exp3,breast_cancer,LogisticRegression,20,18.97149954847219,0.3311151311614573,1.152475312574698,stability
exp3,breast_cancer,LogisticRegression,20,46.787640024418245,0.8165983676639784,1.152475312574698,stability
exp3,breast_cancer,LogisticRegression,20,32.832977028428914,0.5730435523777484,1.152475312574698,stability
exp3,breast_cancer,LogisticRegression,20,22.145370805377766,0.38650963462887034,1.152475312574698,stability
exp3,breast_cancer,LogisticRegression,20,30.867645812444483,0.5387420517665963,1.152475312574698,stability
exp3,breast_cancer,LogisticRegression,20,42.062732967419024,0.7341331826686267,1.152475312574698,stability
exp3,breast_cancer,LogisticRegression,20,46.188635025016595,0.806143758188513,1.152475312574698,stability
exp3,breast_cancer,LogisticRegression,20,54.142723869000626,0.9449687975121839,1.152475312574698,stability
exp3,breast_cancer,LogisticRegression,20,36.20133995390575,0.6318325758294276,1.152475312574698,stability
exp3,breast_cancer,LogisticRegression,20,22.151257786790968,0.3866123818375345,1.152475312574698,stability
exp3,breast_cancer,LogisticRegression,20,27.124737569649174,0.4734159793297828,1.152475312574698,stability
exp3,breast_cancer,LogisticRegression,20,46.538816744610976,0.8122555821757306,1.152475312574698,stability
exp3,breast_cancer,LogisticRegression,20,55.72450490688701,0.9725760846689145,1.152475312574698,stability
exp3,breast_cancer,LogisticRegression,20,34.229166948818474,0.5974116634717037,1.152475312574698,stability
exp3,breast_cancer,LogisticRegression,20,48.83839826298943,0.852390851089445,1.152475312574698,stability
exp3,breast_cancer,LogisticRegression,20,53.74894486660964,0.9380960573952426,1.152475312574698,stability
exp3,breast_cancer,LogisticRegression,20,34.43383462156051,0.6009837882334464,1.152475312574698,stability
exp3,breast_cancer,LogisticRegression,20,34.87063971982968,0.608607475387741,1.152475312574698,stability
exp3,breast_cancer,LogisticRegression,20,30.457756696769334,0.531588137129977,1.152475312574698,stability
exp3,breast_cancer,LogisticRegression,20,36.39150725413213,0.6351516213480064,1.152475312574698,stability
exp3,breast_cancer,LogisticRegression,20,34.87552488020199,0.6086927375207257,1.152475312574698,stability
exp3,breast_cancer,LogisticRegression,20,34.05537825971597,0.5943784786441403,1.152475312574698,stability
exp3,breast_cancer,LogisticRegression,20,37.40691951817466,0.6528739086206787,1.152475312574698,stability
exp3,breast_cancer,LogisticRegression,20,45.86749865877163,0.800538871249648,1.152475312574698,stability
exp3,breast_cancer,LogisticRegression,20,50.29012514261448,0.8777282649786055,1.152475312574698,stability
exp3,breast_cancer,LogisticRegression,20,49.9153134734025,0.8711865672759607,1.152475312574698,stability
exp3,breast_cancer,LogisticRegression,20,58.16697673602321,1.0152052599745494,1.152475312574698,stability
exp3,breast_cancer,LogisticRegression,20,29.644096559643813,0.5173870887449081,1.152475312574698,stability
exp3,breast_cancer,LogisticRegression,50,40.125806656812195,0.7003274411800311,0.9769808817903499,stability
exp3,breast_cancer,LogisticRegression,50,47.17958686304372,0.8234391304907759,0.9769808817903499,stability
exp3,breast_cancer,LogisticRegression,50,51.98509435923007,0.9073110585284965,0.9769808817903499,stability
exp3,breast_cancer,LogisticRegression,50,32.230776970390316,0.5625331786092739,0.9769808817903499,stability
exp3,breast_cancer,LogisticRegression,50,36.88770798129814,0.6438119577878435,0.9769808817903499,stability
exp3,breast_cancer,LogisticRegression,50,50.245507615798815,0.8769495422315754,0.9769808817903499,stability
exp3,breast_cancer,LogisticRegression,50,47.24124198174041,0.824515215312741,0.9769808817903499,stability
exp3,breast_cancer,LogisticRegression,50,22.045841226619693,0.384772515776419,0.9769808817903499,stability
exp3,breast_cancer,LogisticRegression,50,28.85066354965607,0.5035390703266129,0.9769808817903499,stability
exp3,breast_cancer,LogisticRegression,50,29.39845762785822,0.5130998806141678,0.9769808817903499,stability
exp3,breast_cancer,LogisticRegression,50,29.643297200667007,0.5173731372988575,0.9769808817903499,stability
exp3,breast_cancer,LogisticRegression,50,38.54911874818316,0.672809045898071,0.9769808817903499,stability
exp3,breast_cancer,LogisticRegression,50,17.852056144110453,0.3115771579656107,0.9769808817903499,stability
exp3,breast_cancer,LogisticRegression,50,30.920417865708213,0.5396630978490862,0.9769808817903499,stability
exp3,breast_cancer,LogisticRegression,50,33.40756985240143,0.583072089014401,0.9769808817903499,stability
exp3,breast_cancer,LogisticRegression,50,35.723557955019416,0.6234937068421011,0.9769808817903499,stability
exp3,breast_cancer,LogisticRegression,50,35.827195253437225,0.6253025189273639,0.9769808817903499,stability
exp3,breast_cancer,LogisticRegression,50,17.478695130916012,0.30506077898678574,0.9769808817903499,stability
exp3,breast_cancer,LogisticRegression,50,45.75307627419268,0.7985418239007621,0.9769808817903499,stability
exp3,breast_cancer,LogisticRegression,50,31.02585320437878,0.541503291656843,0.9769808817903499,stability
exp3,breast_cancer,LogisticRegression,50,19.80606699809692,0.3456810809873807,0.9769808817903499,stability
exp3,breast_cancer,LogisticRegression,50,29.926635105114652,0.52231831662717,0.9769808817903499,stability
exp3,breast_cancer,LogisticRegression,50,41.50234620267575,0.7243525885392578,0.9769808817903499,stability
exp3,breast_cancer,LogisticRegression,50,44.229470069832345,0.7719498791308608,0.9769808817903499,stability
exp3,breast_cancer,LogisticRegression,50,52.8496894865658,0.9224010901972047,0.9769808817903499,stability
exp3,breast_cancer,LogisticRegression,50,33.227839376139926,0.5799352004374602,0.9769808817903499,stability
exp3,breast_cancer,LogisticRegression,50,19.464844765038055,0.3397256295394961,0.9769808817903499,stability
exp3,breast_cancer,LogisticRegression,50,26.697660462384956,0.4659620776481292,0.9769808817903499,stability
exp3,breast_cancer,LogisticRegression,50,45.43734588428729,0.7930312890483077,0.9769808817903499,stability
exp3,breast_cancer,LogisticRegression,50,52.7619624947515,0.9208699653471751,0.9769808817903499,stability
exp3,breast_cancer,LogisticRegression,50,32.688061182765104,0.570514293732603,0.9769808817903499,stability
exp3,breast_cancer,LogisticRegression,50,47.67830358844311,0.8321433793837596,0.9769808817903499,stability
exp3,breast_cancer,LogisticRegression,50,51.0481154364359,0.8909576913039485,0.9769808817903499,stability
exp3,breast_cancer,LogisticRegression,50,32.47761670325638,0.56684134467253,0.9769808817903499,stability
exp3,breast_cancer,LogisticRegression,50,32.18935429350862,0.5618102165126986,0.9769808817903499,stability
exp3,breast_cancer,LogisticRegression,50,29.32889729331675,0.5118858237476304,0.9769808817903499,stability
exp3,breast_cancer,LogisticRegression,50,33.52015290299556,0.585037033929208,0.9769808817903499,stability
exp3,breast_cancer,LogisticRegression,50,33.76769456474393,0.5893574509625751,0.9769808817903499,stability
exp3,breast_cancer,LogisticRegression,50,32.409428072697175,0.5656512285568458,0.9769808817903499,stability
exp3,breast_cancer,LogisticRegression,50,35.16709500668818,0.6137815962283659,0.9769808817903499,stability
exp3,breast_cancer,LogisticRegression,50,43.75804744266984,0.7637220021184733,0.9769808817903499,stability
exp3,breast_cancer,LogisticRegression,50,47.88874528684014,0.8358162799042768,0.9769808817903499,stability
exp3,breast_cancer,LogisticRegression,50,48.68696977628949,0.8497479254152185,0.9769808817903499,stability
exp3,breast_cancer,LogisticRegression,50,55.41929136830303,0.9672491034989613,0.9769808817903499,stability
exp3,breast_cancer,LogisticRegression,50,27.65264693400694,0.4826297358899362,0.9769808817903499,stability
